userId,firstName,lastName,phoneNumber,emailAddress
1,Krish,Lee,123456,krish.lee@learningcontainer.com
2,racks,jacson,123456,racks.jacson@learningcontainer.com
3,denial,roast,33333333,denial.roast@learningcontainer.com
4,devid,neo,222222222,devid.neo@learningcontainer.com
5,jone,mac,111111111,jone.mac@learningcontainer.com
6,Anu,Lee,66666,Anu.lee@learningcontainer.com
7,Sona,jacson,77777,Sona.jacson@learningcontainer.com
8,tumtum,roast,88888,tumtum.roast@learningcontainer.com
9,Rimu,neo,99999,Rimu.neo@learningcontainer.com
10,manu,mac,101010,manu.mac@learningcontainer.com
userId,firstName,lastName,phoneNumber,emailAddress
1,Krish,Lee,123456,krish.lee@learningcontainer.com
2,racks,jacson,123456,racks.jacson@learningcontainer.com
3,denial,roast,33333333,denial.roast@learningcontainer.com
4,devid,neo,222222222,devid.neo@learningcontainer.com
5,jone,mac,111111111,jone.mac@learningcontainer.com
6,Anu,Lee,66666,Anu.lee@learningcontainer.com
7,Sona,jacson,77777,Sona.jacson@learningcontainer.com
8,tumtum,roast,88888,tumtum.roast@learningcontainer.com
9,Rimu,neo,99999,Rimu.neo@learningcontainer.com
10,manu,mac,101010,manu.mac@learningcontainer.com
userId,firstName,lastName,phoneNumber,emailAddress
1,Krish,Lee,123456,krish.lee@learningcontainer.com
2,racks,jacson,123456,racks.jacson@learningcontainer.com
3,denial,roast,33333333,denial.roast@learningcontainer.com
4,devid,neo,222222222,devid.neo@learningcontainer.com
5,jone,mac,111111111,jone.mac@learningcontainer.com
6,Anu,Lee,66666,Anu.lee@learningcontainer.com
7,Sona,jacson,77777,Sona.jacson@learningcontainer.com
8,tumtum,roast,88888,tumtum.roast@learningcontainer.com
9,Rimu,neo,99999,Rimu.neo@learningcontainer.com
10,manu,mac,101010,manu.mac@learningcontainer.com
userId,firstName,lastName,phoneNumber,emailAddress
1,Krish,Lee,123456,krish.lee@learningcontainer.com
2,racks,jacson,123456,racks.jacson@learningcontainer.com
3,denial,roast,33333333,denial.roast@learningcontainer.com
4,devid,neo,222222222,devid.neo@learningcontainer.com
5,jone,mac,111111111,jone.mac@learningcontainer.com
6,Anu,Lee,66666,Anu.lee@learningcontainer.com
7,Sona,jacson,77777,Sona.jacson@learningcontainer.com
8,tumtum,roast,88888,tumtum.roast@learningcontainer.com
9,Rimu,neo,99999,Rimu.neo@learningcontainer.com
10,manu,mac,101010,manu.mac@learningcontainer.com
userId,firstName,lastName,phoneNumber,emailAddress
1,Krish,Lee,123456,krish.lee@learningcontainer.com
2,racks,jacson,123456,racks.jacson@learningcontainer.com
3,denial,roast,33333333,denial.roast@learningcontainer.com
4,devid,neo,222222222,devid.neo@learningcontainer.com
5,jone,mac,111111111,jone.mac@learningcontainer.com
6,Anu,Lee,66666,Anu.lee@learningcontainer.com
7,Sona,jacson,77777,Sona.jacson@learningcontainer.com
8,tumtum,roast,88888,tumtum.roast@learningcontainer.com
9,Rimu,neo,99999,Rimu.neo@learningcontainer.com
10,manu,mac,101010,manu.mac@learningcontainer.com
userId,firstName,lastName,phoneNumber,emailAddress
1,Krish,Lee,123456,krish.lee@learningcontainer.com
2,racks,jacson,123456,racks.jacson@learningcontainer.com
3,denial,roast,33333333,denial.roast@learningcontainer.com
4,devid,neo,222222222,devid.neo@learningcontainer.com
5,jone,mac,111111111,jone.mac@learningcontainer.com
6,Anu,Lee,66666,Anu.lee@learningcontainer.com
7,Sona,jacson,77777,Sona.jacson@learningcontainer.com
8,tumtum,roast,88888,tumtum.roast@learningcontainer.com
9,Rimu,neo,99999,Rimu.neo@learningcontainer.com
10,manu,mac,101010,manu.mac@learningcontainer.com
userId,firstName,lastName,phoneNumber,emailAddress
1,Krish,Lee,123456,krish.lee@learningcontainer.com
2,racks,jacson,123456,racks.jacson@learningcontainer.com
3,denial,roast,33333333,denial.roast@learningcontainer.com
4,devid,neo,222222222,devid.neo@learningcontainer.com
5,jone,mac,111111111,jone.mac@learningcontainer.com
6,Anu,Lee,66666,Anu.lee@learningcontainer.com
7,Sona,jacson,77777,Sona.jacson@learningcontainer.com
8,tumtum,roast,88888,tumtum.roast@learningcontainer.com
9,Rimu,neo,99999,Rimu.neo@learningcontainer.com
10,manu,mac,101010,manu.mac@learningcontainer.com
userId,firstName,lastName,phoneNumber,emailAddress
1,Krish,Lee,123456,krish.lee@learningcontainer.com
2,racks,jacson,123456,racks.jacson@learningcontainer.com
3,denial,roast,33333333,denial.roast@learningcontainer.com
4,devid,neo,222222222,devid.neo@learningcontainer.com
5,jone,mac,111111111,jone.mac@learningcontainer.com
6,Anu,Lee,66666,Anu.lee@learningcontainer.com
7,Sona,jacson,77777,Sona.jacson@learningcontainer.com
8,tumtum,roast,88888,tumtum.roast@learningcontainer.com
9,Rimu,neo,99999,Rimu.neo@learningcontainer.com
10,manu,mac,101010,manu.mac@learningcontainer.com
userId,firstName,lastName,phoneNumber,emailAddress
1,Krish,Lee,123456,krish.lee@learningcontainer.com
2,racks,jacson,123456,racks.jacson@learningcontainer.com
3,denial,roast,33333333,denial.roast@learningcontainer.com
4,devid,neo,222222222,devid.neo@learningcontainer.com
5,jone,mac,111111111,jone.mac@learningcontainer.com
6,Anu,Lee,66666,Anu.lee@learningcontainer.com
7,Sona,jacson,77777,Sona.jacson@learningcontainer.com
8,tumtum,roast,88888,tumtum.roast@learningcontainer.com
9,Rimu,neo,99999,Rimu.neo@learningcontainer.com
10,manu,mac,101010,manu.mac@learningcontainer.com
userId,firstName,lastName,phoneNumber,emailAddress
1,Krish,Lee,123456,krish.lee@learningcontainer.com
2,racks,jacson,123456,racks.jacson@learningcontainer.com
3,denial,roast,33333333,denial.roast@learningcontainer.com
4,devid,neo,222222222,devid.neo@learningcontainer.com
5,jone,mac,111111111,jone.mac@learningcontainer.com
6,Anu,Lee,66666,Anu.lee@learningcontainer.com
7,Sona,jacson,77777,Sona.jacson@learningcontainer.com
8,tumtum,roast,88888,tumtum.roast@learningcontainer.com
9,Rimu,neo,99999,Rimu.neo@learningcontainer.com
10,manu,mac,101010,manu.mac@learningcontainer.com
userId,firstName,lastName,phoneNumber,emailAddress
1,Krish,Lee,123456,krish.lee@learningcontainer.com
2,racks,jacson,123456,racks.jacson@learningcontainer.com
3,denial,roast,33333333,denial.roast@learningcontainer.com
4,devid,neo,222222222,devid.neo@learningcontainer.com
5,jone,mac,111111111,jone.mac@learningcontainer.com
6,Anu,Lee,66666,Anu.lee@learningcontainer.com
7,Sona,jacson,77777,Sona.jacson@learningcontainer.com
8,tumtum,roast,88888,tumtum.roast@learningcontainer.com
9,Rimu,neo,99999,Rimu.neo@learningcontainer.com
10,manu,mac,101010,manu.mac@learningcontainer.com
userId,firstName,lastName,phoneNumber,emailAddress
1,Krish,Lee,123456,krish.lee@learningcontainer.com
2,racks,jacson,123456,racks.jacson@learningcontainer.com
3,denial,roast,33333333,denial.roast@learningcontainer.com
4,devid,neo,222222222,devid.neo@learningcontainer.com
5,jone,mac,111111111,jone.mac@learningcontainer.com
6,Anu,Lee,66666,Anu.lee@learningcontainer.com
7,Sona,jacson,77777,Sona.jacson@learningcontainer.com
8,tumtum,roast,88888,tumtum.roast@learningcontainer.com
9,Rimu,neo,99999,Rimu.neo@learningcontainer.com
10,manu,mac,101010,manu.mac@learningcontainer.com
userId,firstName,lastName,phoneNumber,emailAddress
1,Krish,Lee,123456,krish.lee@learningcontainer.com
2,racks,jacson,123456,racks.jacson@learningcontainer.com
3,denial,roast,33333333,denial.roast@learningcontainer.com
4,devid,neo,222222222,devid.neo@learningcontainer.com
5,jone,mac,111111111,jone.mac@learningcontainer.com
6,Anu,Lee,66666,Anu.lee@learningcontainer.com
7,Sona,jacson,77777,Sona.jacson@learningcontainer.com
8,tumtum,roast,88888,tumtum.roast@learningcontainer.com
9,Rimu,neo,99999,Rimu.neo@learningcontainer.com
10,manu,mac,101010,manu.mac@learningcontainer.com
